hard_position_limit,mean_terminal_pnl,pnl_5_percentile,mean_maximum_inventory,mean_forced_reductions,mean_forced_execution_pnl,probability_of_loss
8.0,1.6459307451138052,-6.740967195610295,7.2,0.3,-0.09676799999999351,0.4666666666666667
14.0,1.5613799828472046,-12.865104606879694,11.1,0.0,0.0,0.5
24.0,0.9659104011396719,-23.638112072106182,18.033333333333335,0.0,0.0,0.5333333333333333
