scenario,strategy,number_of_paths,mean_terminal_pnl,median_terminal_pnl,pnl_standard_deviation,pnl_1_percentile,pnl_5_percentile,pnl_95_percentile,worst_terminal_pnl,probability_of_loss,expected_shortfall_5,mean_maximum_drawdown,mean_absolute_inventory,mean_maximum_inventory,mean_traded_quantity,mean_markout_per_unit,mean_toxic_fraction,mean_forced_reduction_count,halt_probability,maximum_reconciliation_error,inventory_skew
one_sided,inventory,18,-1.533850932013868,-3.7952803259333687,24.764795645906837,-34.95528471912738,-34.47202464481061,35.73067919244739,-35.07609973770657,0.5555555555555556,-35.07609973770657,30.648735749034902,22.26468253968254,38.44444444444444,74.88888888888889,0.052099273749007344,0.0,0.0,0.0,8.284928298962768e-12,0.0
one_sided,inventory,18,2.2541570157650304,1.4153739172245103,15.198107715385765,-20.553932797220966,-18.85181388093586,24.21728147743813,-20.97946252629224,0.3888888888888889,-20.97946252629224,16.220782356676448,13.337301587301587,21.27777777777778,73.11111111111111,0.05503200560994857,0.0,0.0,0.0,5.0670578843892145e-12,0.0015
one_sided,inventory,18,2.196889241201201,3.4076383911900203,10.018964423757945,-16.363847055413967,-11.817812119249528,16.38256056887678,-17.500355789455075,0.3888888888888889,-17.500355789455075,10.445694504045198,8.66904761904762,14.61111111111111,72.11111111111111,0.05548003846417202,0.0,0.0,0.0,2.4300561562995426e-12,0.003
one_sided,inventory,18,2.95421003159416,2.44852711847517,5.559945984928467,-5.242777934873306,-5.231495048951782,10.117850710692208,-5.245598656353687,0.3333333333333333,-5.245598656353687,6.0930196770850245,5.539285714285715,10.61111111111111,71.5,0.051456052841032315,0.0,0.0,0.0,2.0623502905436908e-12,0.006
