scenario,strategy,number_of_paths,mean_terminal_pnl,median_terminal_pnl,pnl_standard_deviation,pnl_1_percentile,pnl_5_percentile,pnl_95_percentile,worst_terminal_pnl,probability_of_loss,expected_shortfall_5,mean_maximum_drawdown,mean_absolute_inventory,mean_maximum_inventory,mean_traded_quantity,mean_markout_per_unit,mean_toxic_fraction,mean_forced_reduction_count,halt_probability,maximum_reconciliation_error
stress,fixed,40,-62.11821472903823,-44.67968173806887,117.15141002765857,-319.6191438911509,-284.9733395817057,114.58002306280727,-335.59396824748507,0.65,-315.1134242009027,159.9516592425216,29.032000000000004,39.95,124.675,-0.12765122751423863,0.8750493568289336,0.0,0.0,1.2846612662542611e-11
stress,full_adaptive,40,-1.6713983888066442,-0.15759061692719445,10.125111087272158,-35.83592589636151,-15.391652773411572,8.463431070161377,-37.104867838681805,0.525,-35.47801919468142,10.970234766603209,2.2237,3.85,10.05,-0.00845329712524076,0.8654924753608964,0.0,0.0,2.7000623958883807e-13
stress,full_risk,40,-1.1539483862566602,-1.0662881297422897,7.011204032390614,-12.971435852617521,-11.163365379197224,8.463431070161377,-13.934932791976411,0.575,-12.699680305618859,9.250085087397306,1.9756,3.7,9.25,-0.009752153063489722,0.8708202908202909,0.225,0.225,1.9539925233402755e-13
stress,inventory,40,-34.715714991760265,-30.725687098226068,46.52359522104823,-150.56018170645473,-139.6391613472939,35.53764264772835,-153.9382184902021,0.8,-149.6074021007824,61.763461735088995,10.0852,19.25,151.025,-0.13041440376600816,0.8779545489670862,0.0,0.0,7.453593298123451e-12
stress,inventory_volatility,40,-7.060020253233427,-1.0661752091497567,23.200026052859894,-64.94240330461349,-56.773782369819095,26.29936255238635,-68.22079047424279,0.65,-64.01773000035908,25.04702160379097,4.5905000000000005,8.725,21.75,-0.02993518700406716,0.8785976801909087,0.0,0.0,7.158718062783009e-13
